user_id,username
1,JohnDoe
2,JaneDoe
3,BobSmith
4,AliceJones
5,CharlieBrown
6,EmilyDavis
7,DavidWilson
8,SarahTaylor
9,MichaelClark
10,AmandaMoore
11,ChrisAnderson
12,LindaThomas
13,MatthewJackson
14,JessicaWhite
15,DanielHarris
16,LauraMartinez
17,JamesGarcia
18,PatriciaLopez
19,RobertLee
20,MaryGonzalez
21,WilliamPerez
22,JenniferWilson
23,JosephHall
24,ElizabethYoung
25,CharlesAllen
26,BarbaraSanchez
27,ThomasWright
28,SusanKim
29,MatthewScott
30,KarenGreen
31,KevinAdams
32,NancyBaker
33,StevenNelson
34,JessicaHernandez
35,EricHill
36,KathleenRivera
37,AndrewCarter
38,EmilyMitchell
39,BrianRodriguez
40,MeganCooper
41,JasonWard
42,RachelTorres
43,AnthonyMorris
44,AngelaParker
45,JoshuaReed
46,MelissaCook
47,RyanMorgan
48,RebeccaBell
49,JacobMurphy
50,LauraRivera
